NAME,ToReconcile,WIKIDATA,CODE,MS_FB_PARE,MS_FB
Aberavon Co Const,Aberavon,Q290823,W07000049,country:gb/country:wls,country:gb/country:wls/westminster-constituency:w07000049
Aberconwy Co Const,Aberconwy,Q299976,W07000058,country:gb/country:wls,country:gb/country:wls/westminster-constituency:w07000058
Aberdeen North Burgh Const,Aberdeen North,Q299984,S14000001,country:gb/country:sct,country:gb/country:sct/westminster-constituency:s14000001
Aberdeen South Burgh Const,Aberdeen South,Q299997,S14000002,country:gb/country:sct,country:gb/country:sct/westminster-constituency:s14000002
Airdrie and Shotts Co Const,Airdrie and Shotts,Q581626,S14000003,country:gb/country:sct,country:gb/country:sct/westminster-constituency:s14000003
Aldershot Boro Const,Aldershot,Q581697,E14000530,country:gb/country:eng,country:gb/country:eng/westminster-constituency:e14000530
Aldridge-Brownhills Boro Const,Aldridge-Brownhills,Q581792,E14000531,country:gb/country:eng,country:gb/country:eng/westminster-constituency:e14000531
Altrincham and Sale West Boro Const,Altrincham and Sale West,Q588969,E14000532,country:gb/country:eng,country:gb/country:eng/westminster-constituency:e14000532
Alyn and Deeside Co Const,Alyn and Deeside,Q750582,W07000043,country:gb/country:wls,country:gb/country:wls/westminster-constituency:w07000043
Amber Valley Co Const,Amber Valley,Q750643,E14000533,country:gb/country:eng,country:gb/country:eng/westminster-constituency:e14000533
Angus Co Const,Angus,Q750956,S14000004,country:gb/country:sct,country:gb/country:sct/westminster-constituency:s14000004
Arfon Co Const,Arfon,Q750978,W07000057,country:gb/country:wls,country:gb/country:wls/westminster-constituency:w07000057
Argyll and Bute Co Const,Argyll and Bute,Q750994,S14000005,country:gb/country:sct,country:gb/country:sct/westminster-constituency:s14000005
Arundel and South Downs Co Const,Arundel and South Downs,Q751016,E14000534,country:gb/country:eng,country:gb/country:eng/westminster-constituency:e14000534
Ashfield Co Const,Ashfield,Q751043,E14000535,country:gb/country:eng,country:gb/country:eng/westminster-constituency:e14000535
Ashford Co Const,Ashford,Q751068,E14000536,country:gb/country:eng,country:gb/country:eng/westminster-constituency:e14000536
Ashton-under-Lyne Boro Const,Ashton-under-Lyne,Q751233,E14000537,country:gb/country:eng,country:gb/country:eng/westminster-constituency:e14000537
Aylesbury Co Const,Aylesbury,Q751262,E14000538,country:gb/country:eng,country:gb/country:eng/westminster-constituency:e14000538
"Ayr, Carrick and Cumnock Co Const","Ayr, Carrick and Cumnock",Q751285,S14000006,country:gb/country:sct,country:gb/country:sct/westminster-constituency:s14000006
BELFAST EAST,Belfast East,Q751562,N06000001,country:gb/province:nir,country:gb/province:nir/westminster-constituency:n06000001
BELFAST NORTH,Belfast North,Q751580,N06000002,country:gb/province:nir,country:gb/province:nir/westminster-constituency:n06000002
BELFAST SOUTH,Belfast South,Q751599,N06000003,country:gb/province:nir,country:gb/province:nir/westminster-constituency:n06000003
BELFAST WEST,Belfast West,Q751608,N06000004,country:gb/province:nir,country:gb/province:nir/westminster-constituency:n06000004
Banbury Co Const,Banbury,Q989270,E14000539,country:gb/country:eng,country:gb/country:eng/westminster-constituency:e14000539
Banff and Buchan Co Const,Banff and Buchan,Q3133785,S14000007,country:gb/country:sct,country:gb/country:sct/westminster-constituency:s14000007
Barking Boro Const,Barking,Q3133809,E14000540,country:gb/country:eng,country:gb/country:eng/westminster-constituency:e14000540
Barnsley Central Boro Const,Barnsley Central,Q1075476,E14000541,country:gb/country:eng,country:gb/country:eng/westminster-constituency:e14000541
Barnsley East Co Const,Barnsley East,Q3133832,E14000542,country:gb/country:eng,country:gb/country:eng/westminster-constituency:e14000542
Barrow and Furness Co Const,Barrow and Furness,Q1075925,E14000543,country:gb/country:eng,country:gb/country:eng/westminster-constituency:e14000543
Basildon and Billericay Boro Const,Basildon and Billericay,Q3133856,E14000544,country:gb/country:eng,country:gb/country:eng/westminster-constituency:e14000544
Basingstoke Boro Const,Basingstoke,Q1080350,E14000545,country:gb/country:eng,country:gb/country:eng/westminster-constituency:e14000545
Bassetlaw Co Const,Bassetlaw,Q1077488,E14000546,country:gb/country:eng,country:gb/country:eng/westminster-constituency:e14000546
Bath Boro Const,Bath,Q1075440,E14000547,country:gb/country:eng,country:gb/country:eng/westminster-constituency:e14000547
Batley and Spen Boro Const,Batley and Spen,Q3133894,E14000548,country:gb/country:eng,country:gb/country:eng/westminster-constituency:e14000548
Battersea Boro Const,Battersea,Q3133916,E14000549,country:gb/country:eng,country:gb/country:eng/westminster-constituency:e14000549
Beaconsfield Co Const,Beaconsfield,Q586563,E14000550,country:gb/country:eng,country:gb/country:eng/westminster-constituency:e14000550
Beckenham Boro Const,Beckenham,Q1032319,E14000551,country:gb/country:eng,country:gb/country:eng/westminster-constituency:e14000551
Bedford Boro Const,Bedford,Q1032329,E14000552,country:gb/country:eng,country:gb/country:eng/westminster-constituency:e14000552
Bermondsey and Old Southwark Boro Const,Bermondsey and Old Southwark,Q3133970,E14000553,country:gb/country:eng,country:gb/country:eng/westminster-constituency:e14000553
Berwick-upon-Tweed Co Const,Berwick-upon-Tweed,Q1072626,E14000554,country:gb/country:eng,country:gb/country:eng/westminster-constituency:e14000554
"Berwickshire, Roxburgh and Selkirk Co Const","Berwickshire, Roxburgh and Selkirk",Q3134016,S14000008,country:gb/country:sct,country:gb/country:sct/westminster-constituency:s14000008
Bethnal Green and Bow Boro Const,Bethnal Green and Bow,Q3134130,E14000555,country:gb/country:eng,country:gb/country:eng/westminster-constituency:e14000555
Beverley and Holderness Co Const,Beverley and Holderness,Q3134150,E14000556,country:gb/country:eng,country:gb/country:eng/westminster-constituency:e14000556
Bexhill and Battle Co Const,Bexhill and Battle,Q3134165,E14000557,country:gb/country:eng,country:gb/country:eng/westminster-constituency:e14000557
Bexleyheath and Crayford Boro Const,Bexleyheath and Crayford,Q588875,E14000558,country:gb/country:eng,country:gb/country:eng/westminster-constituency:e14000558
Birkenhead Boro Const,Birkenhead,Q1080413,E14000559,country:gb/country:eng,country:gb/country:eng/westminster-constituency:e14000559
"Birmingham, Edgbaston Boro Const",Birmingham Edgbaston,Q1080287,E14000560,country:gb/country:eng,country:gb/country:eng/westminster-constituency:e14000560
"Birmingham, Erdington Boro Const",Birmingham Erdington,Q1080358,E14000561,country:gb/country:eng,country:gb/country:eng/westminster-constituency:e14000561
"Birmingham, Hall Green Boro Const",Birmingham Hall Green,Q1080378,E14000562,country:gb/country:eng,country:gb/country:eng/westminster-constituency:e14000562
"Birmingham, Hodge Hill Boro Const",Birmingham Hodge Hill,Q1080403,E14000563,country:gb/country:eng,country:gb/country:eng/westminster-constituency:e14000563
"Birmingham, Ladywood Boro Const",Birmingham Ladywood,Q1070050,E14000564,country:gb/country:eng,country:gb/country:eng/westminster-constituency:e14000564
"Birmingham, Northfield Boro Const",Birmingham Northfield,Q3136714,E14000565,country:gb/country:eng,country:gb/country:eng/westminster-constituency:e14000565
"Birmingham, Perry Barr Boro Const",Birmingham Perry Barr,Q3136734,E14000566,country:gb/country:eng,country:gb/country:eng/westminster-constituency:e14000566
"Birmingham, Selly Oak Boro Const",Birmingham Selly Oak,Q3136751,E14000567,country:gb/country:eng,country:gb/country:eng/westminster-constituency:e14000567
"Birmingham, Yardley Boro Const",Birmingham Yardley,Q1077778,E14000568,country:gb/country:eng,country:gb/country:eng/westminster-constituency:e14000568
Bishop Auckland Co Const,Bishop Auckland,Q1072667,E14000569,country:gb/country:eng,country:gb/country:eng/westminster-constituency:e14000569
Blackburn Boro Const,Blackburn,Q1077481,E14000570,country:gb/country:eng,country:gb/country:eng/westminster-constituency:e14000570
Blackley and Broughton Boro Const,Blackley and Broughton,Q3137325,E14000571,country:gb/country:eng,country:gb/country:eng/westminster-constituency:e14000571
Blackpool North and Cleveleys Boro Const,Blackpool North and Cleveleys,Q3137610,E14000572,country:gb/country:eng,country:gb/country:eng/westminster-constituency:e14000572
Blackpool South Boro Const,Blackpool South,Q1077631,E14000573,country:gb/country:eng,country:gb/country:eng/westminster-constituency:e14000573
Blaenau Gwent Co Const,Blaenau Gwent,Q3137641,W07000072,country:gb/country:wls,country:gb/country:wls/westminster-constituency:w07000072
Blaydon Boro Const,Blaydon,Q3134218,E14000574,country:gb/country:eng,country:gb/country:eng/westminster-constituency:e14000574
Blyth Valley Boro Const,Blyth Valley,Q1072792,E14000575,country:gb/country:eng,country:gb/country:eng/westminster-constituency:e14000575
Bognor Regis and Littlehampton Co Const,Bognor Regis and Littlehampton,Q3137665,E14000576,country:gb/country:eng,country:gb/country:eng/westminster-constituency:e14000576
Bolsover Co Const,Bolsover,Q3137680,E14000577,country:gb/country:eng,country:gb/country:eng/westminster-constituency:e14000577
Bolton North East Boro Const,Bolton North East,Q3137707,E14000578,country:gb/country:eng,country:gb/country:eng/westminster-constituency:e14000578
Bolton South East Boro Const,Bolton South East,Q3137734,E14000579,country:gb/country:eng,country:gb/country:eng/westminster-constituency:e14000579
Bolton West Co Const,Bolton West,Q1070064,E14000580,country:gb/country:eng,country:gb/country:eng/westminster-constituency:e14000580
Bootle Boro Const,Bootle,Q1080341,E14000581,country:gb/country:eng,country:gb/country:eng/westminster-constituency:e14000581
Boston and Skegness Co Const,Boston and Skegness,Q3137757,E14000582,country:gb/country:eng,country:gb/country:eng/westminster-constituency:e14000582
Bosworth Co Const,Bosworth,Q3137771,E14000583,country:gb/country:eng,country:gb/country:eng/westminster-constituency:e14000583
Bournemouth East Boro Const,Bournemouth East,Q1080634,E14000584,country:gb/country:eng,country:gb/country:eng/westminster-constituency:e14000584
Bournemouth West Boro Const,Bournemouth West,Q1080625,E14000585,country:gb/country:eng,country:gb/country:eng/westminster-constituency:e14000585
Bracknell Co Const,Bracknell,Q3137794,E14000586,country:gb/country:eng,country:gb/country:eng/westminster-constituency:e14000586
Bradford East Boro Const,Bradford East,Q3137808,E14000587,country:gb/country:eng,country:gb/country:eng/westminster-constituency:e14000587
Bradford South Boro Const,Bradford South,Q3137827,E14000588,country:gb/country:eng,country:gb/country:eng/westminster-constituency:e14000588
Bradford West Boro Const,Bradford West,Q1075417,E14000589,country:gb/country:eng,country:gb/country:eng/westminster-constituency:e14000589
Braintree Co Const,Braintree,Q1072715,E14000590,country:gb/country:eng,country:gb/country:eng/westminster-constituency:e14000590
Brecon and Radnorshire Co Const,Brecon and Radnorshire,Q1077422,W07000068,country:gb/country:wls,country:gb/country:wls/westminster-constituency:w07000068
Brent Central Boro Const,Brent Central,Q3137848,E14000591,country:gb/country:eng,country:gb/country:eng/westminster-constituency:e14000591
Brent North Boro Const,Brent North,Q1077540,E14000592,country:gb/country:eng,country:gb/country:eng/westminster-constituency:e14000592
Brentford and Isleworth Boro Const,Brentford and Isleworth,Q1077806,E14000593,country:gb/country:eng,country:gb/country:eng/westminster-constituency:e14000593
Brentwood and Ongar Co Const,Brentwood and Ongar,Q3137868,E14000594,country:gb/country:eng,country:gb/country:eng/westminster-constituency:e14000594
Bridgend Co Const,Bridgend,Q1077324,W07000073,country:gb/country:wls,country:gb/country:wls/westminster-constituency:w07000073
Bridgwater and West Somerset Co Const,Bridgwater and West Somerset,Q3137895,E14000595,country:gb/country:eng,country:gb/country:eng/westminster-constituency:e14000595
Brigg and Goole Co Const,Brigg and Goole,Q3137917,E14000596,country:gb/country:eng,country:gb/country:eng/westminster-constituency:e14000596
"Brighton, Kemptown Boro Const",Brighton Kemptown,Q3137937,E14000597,country:gb/country:eng,country:gb/country:eng/westminster-constituency:e14000597
"Brighton, Pavilion Boro Const",Brighton Pavilion,Q1070099,E14000598,country:gb/country:eng,country:gb/country:eng/westminster-constituency:e14000598
Bristol East Boro Const,Bristol East,Q1070148,E14000599,country:gb/country:eng,country:gb/country:eng/westminster-constituency:e14000599
Bristol North West Boro Const,Bristol North West,Q3137955,E14000600,country:gb/country:eng,country:gb/country:eng/westminster-constituency:e14000600
Bristol South Boro Const,Bristol South,Q578636,E14000601,country:gb/country:eng,country:gb/country:eng/westminster-constituency:e14000601
Bristol West Boro Const,Bristol West,Q1072698,E14000602,country:gb/country:eng,country:gb/country:eng/westminster-constituency:e14000602
Broadland Co Const,Broadland,Q3137980,E14000603,country:gb/country:eng,country:gb/country:eng/westminster-constituency:e14000603
Bromley and Chislehurst Boro Const,Bromley and Chislehurst,Q1113129,E14000604,country:gb/country:eng,country:gb/country:eng/westminster-constituency:e14000604
Bromsgrove Co Const,Bromsgrove,Q3231554,E14000605,country:gb/country:eng,country:gb/country:eng/westminster-constituency:e14000605
Broxbourne Boro Const,Broxbourne,Q3231585,E14000606,country:gb/country:eng,country:gb/country:eng/westminster-constituency:e14000606
Broxtowe Co Const,Broxtowe,Q3231619,E14000607,country:gb/country:eng,country:gb/country:eng/westminster-constituency:e14000607
Buckingham Co Const,Buckingham,Q1070140,E14000608,country:gb/country:eng,country:gb/country:eng/westminster-constituency:e14000608
Burnley Boro Const,Burnley,Q3235145,E14000609,country:gb/country:eng,country:gb/country:eng/westminster-constituency:e14000609
Burton Co Const,Burton,Q3235146,E14000610,country:gb/country:eng,country:gb/country:eng/westminster-constituency:e14000610
Bury North Boro Const,Bury North,Q3238753,E14000611,country:gb/country:eng,country:gb/country:eng/westminster-constituency:e14000611
Bury South Boro Const,Bury South,Q3238774,E14000612,country:gb/country:eng,country:gb/country:eng/westminster-constituency:e14000612
Bury St. Edmunds Co Const,Bury St Edmunds,Q1072621,E14000613,country:gb/country:eng,country:gb/country:eng/westminster-constituency:e14000613
Caerphilly Co Const,Caerphilly,Q3238808,W07000076,country:gb/country:wls,country:gb/country:wls/westminster-constituency:w07000076
"Caithness, Sutherland and Easter Ross Co Const","Caithness, Sutherland and Easter Ross",Q3238840,S14000009,country:gb/country:sct,country:gb/country:sct/westminster-constituency:s14000009
Calder Valley Co Const,Calder Valley,Q3238861,E14000614,country:gb/country:eng,country:gb/country:eng/westminster-constituency:e14000614
Camberwell and Peckham Boro Const,Camberwell and Peckham,Q3238889,E14000615,country:gb/country:eng,country:gb/country:eng/westminster-constituency:e14000615
Camborne and Redruth Co Const,Camborne and Redruth,Q3238907,E14000616,country:gb/country:eng,country:gb/country:eng/westminster-constituency:e14000616
Cambridge Boro Const,Cambridge,Q1072690,E14000617,country:gb/country:eng,country:gb/country:eng/westminster-constituency:e14000617
Cannock Chase Co Const,Cannock Chase,Q3138658,E14000618,country:gb/country:eng,country:gb/country:eng/westminster-constituency:e14000618
Canterbury Co Const,Canterbury,Q1070055,E14000619,country:gb/country:eng,country:gb/country:eng/westminster-constituency:e14000619
Cardiff Central Boro Const,Cardiff Central,Q3138645,W07000050,country:gb/country:wls,country:gb/country:wls/westminster-constituency:w07000050
Cardiff North Boro Const,Cardiff North,Q1077332,W07000051,country:gb/country:wls,country:gb/country:wls/westminster-constituency:w07000051
Cardiff South and Penarth Boro Const,Cardiff South and Penarth,Q3238926,W07000080,country:gb/country:wls,country:gb/country:wls/westminster-constituency:w07000080
Cardiff West Boro Const,Cardiff West,Q3238943,W07000079,country:gb/country:wls,country:gb/country:wls/westminster-constituency:w07000079
Carlisle Boro Const,Carlisle,Q3238953,E14000620,country:gb/country:eng,country:gb/country:eng/westminster-constituency:e14000620
Carmarthen East and Dinefwr Co Const,Carmarthen East and Dinefwr,Q1077385,W07000067,country:gb/country:wls,country:gb/country:wls/westminster-constituency:w07000067
Carmarthen West and South Pembrokeshire Co Const,Carmarthen West and South Pembrokeshire,Q1077431,W07000066,country:gb/country:wls,country:gb/country:wls/westminster-constituency:w07000066
Carshalton and Wallington Boro Const,Carshalton and Wallington,Q3238966,E14000621,country:gb/country:eng,country:gb/country:eng/westminster-constituency:e14000621
Castle Point Boro Const,Castle Point,Q3238981,E14000622,country:gb/country:eng,country:gb/country:eng/westminster-constituency:e14000622
Central Ayrshire Co Const,Central Ayrshire,Q3238991,S14000010,country:gb/country:sct,country:gb/country:sct/westminster-constituency:s14000010
Central Devon Co Const,Central Devon,Q3239015,E14000623,country:gb/country:eng,country:gb/country:eng/westminster-constituency:e14000623
Central Suffolk and North Ipswich Co Const,Central Suffolk and North Ipswich,Q3239055,E14000624,country:gb/country:eng,country:gb/country:eng/westminster-constituency:e14000624
Ceredigion Co Const,Ceredigion,Q1077398,W07000064,country:gb/country:wls,country:gb/country:wls/westminster-constituency:w07000064
Charnwood Co Const,Charnwood,Q1077545,E14000625,country:gb/country:eng,country:gb/country:eng/westminster-constituency:e14000625
Chatham and Aylesford Co Const,Chatham and Aylesford,Q3239111,E14000626,country:gb/country:eng,country:gb/country:eng/westminster-constituency:e14000626
Cheadle Boro Const,Cheadle,Q3239124,E14000627,country:gb/country:eng,country:gb/country:eng/westminster-constituency:e14000627
Chelmsford Boro Const,Chelmsford,Q3239148,E14000628,country:gb/country:eng,country:gb/country:eng/westminster-constituency:e14000628
Chelsea and Fulham Boro Const,Chelsea and Fulham,Q3239170,E14000629,country:gb/country:eng,country:gb/country:eng/westminster-constituency:e14000629
Cheltenham Boro Const,Cheltenham,Q3239188,E14000630,country:gb/country:eng,country:gb/country:eng/westminster-constituency:e14000630
Chesham and Amersham Co Const,Chesham and Amersham,Q1075935,E14000631,country:gb/country:eng,country:gb/country:eng/westminster-constituency:e14000631
Chesterfield Boro Const,Chesterfield,Q1077473,E14000632,country:gb/country:eng,country:gb/country:eng/westminster-constituency:e14000632
Chichester Co Const,Chichester,Q1075910,E14000633,country:gb/country:eng,country:gb/country:eng/westminster-constituency:e14000633
Chingford and Woodford Green Boro Const,Chingford and Woodford Green,Q1077612,E14000634,country:gb/country:eng,country:gb/country:eng/westminster-constituency:e14000634
Chippenham Co Const,Chippenham,Q3138621,E14000635,country:gb/country:eng,country:gb/country:eng/westminster-constituency:e14000635
Chipping Barnet Boro Const,Chipping Barnet,Q1077626,E14000636,country:gb/country:eng,country:gb/country:eng/westminster-constituency:e14000636
Chorley Co Const,Chorley,Q3334633,E14000637,country:gb/country:eng,country:gb/country:eng/westminster-constituency:e14000637
Christchurch Co Const,Christchurch,Q3334655,E14000638,country:gb/country:eng,country:gb/country:eng/westminster-constituency:e14000638
Cities of London and Westminster Boro Const,Cities of London and Westminster,Q3235346,E14000639,country:gb/country:eng,country:gb/country:eng/westminster-constituency:e14000639
City of Chester Co Const,City of Chester,Q3334702,E14000640,country:gb/country:eng,country:gb/country:eng/westminster-constituency:e14000640
City of Durham Co Const,City of Durham,Q1075483,E14000641,country:gb/country:eng,country:gb/country:eng/westminster-constituency:e14000641
Clacton Co Const,Clacton,Q3302105,E14000642,country:gb/country:eng,country:gb/country:eng/westminster-constituency:e14000642
Cleethorpes Co Const,Cleethorpes,Q3302128,E14000643,country:gb/country:eng,country:gb/country:eng/westminster-constituency:e14000643
Clwyd South Co Const,Clwyd South,Q1077415,W07000062,country:gb/country:wls,country:gb/country:wls/westminster-constituency:w07000062
Clwyd West Co Const,Clwyd West,Q1077449,W07000059,country:gb/country:wls,country:gb/country:wls/westminster-constituency:w07000059
"Coatbridge, Chryston and Bellshill Burgh Const","Coatbridge, Chryston and Bellshill",Q3138595,S14000011,country:gb/country:sct,country:gb/country:sct/westminster-constituency:s14000011
Colchester Boro Const,Colchester,Q1070042,E14000644,country:gb/country:eng,country:gb/country:eng/westminster-constituency:e14000644
Colne Valley Co Const,Colne Valley,Q1080320,E14000645,country:gb/country:eng,country:gb/country:eng/westminster-constituency:e14000645
Congleton Co Const,Congleton,Q3335586,E14000646,country:gb/country:eng,country:gb/country:eng/westminster-constituency:e14000646
Copeland Co Const,Copeland,Q3335605,E14000647,country:gb/country:eng,country:gb/country:eng/westminster-constituency:e14000647
Corby Co Const,Corby,Q3335626,E14000648,country:gb/country:eng,country:gb/country:eng/westminster-constituency:e14000648
Coventry North East Boro Const,Coventry North East,Q1075422,E14000649,country:gb/country:eng,country:gb/country:eng/westminster-constituency:e14000649
Coventry North West Boro Const,Coventry North West,Q3335749,E14000650,country:gb/country:eng,country:gb/country:eng/westminster-constituency:e14000650
Coventry South Boro Const,Coventry South,Q3335775,E14000651,country:gb/country:eng,country:gb/country:eng/westminster-constituency:e14000651
Crawley Boro Const,Crawley,Q3335844,E14000652,country:gb/country:eng,country:gb/country:eng/westminster-constituency:e14000652
Crewe and Nantwich Co Const,Crewe and Nantwich,Q3335863,E14000653,country:gb/country:eng,country:gb/country:eng/westminster-constituency:e14000653
Croydon Central Boro Const,Croydon Central,Q3335881,E14000654,country:gb/country:eng,country:gb/country:eng/westminster-constituency:e14000654
Croydon North Boro Const,Croydon North,Q1077455,E14000655,country:gb/country:eng,country:gb/country:eng/westminster-constituency:e14000655
Croydon South Boro Const,Croydon South,Q3231676,E14000656,country:gb/country:eng,country:gb/country:eng/westminster-constituency:e14000656
"Cumbernauld, Kilsyth and Kirkintilloch East Co Const","Cumbernauld, Kilsyth and Kirkintilloch East",Q3231723,S14000012,country:gb/country:sct,country:gb/country:sct/westminster-constituency:s14000012
Cynon Valley Co Const,Cynon Valley,Q1077377,W07000070,country:gb/country:wls,country:gb/country:wls/westminster-constituency:w07000070
Dagenham and Rainham Boro Const,Dagenham and Rainham,Q3138569,E14000657,country:gb/country:eng,country:gb/country:eng/westminster-constituency:e14000657
Darlington Boro Const,Darlington,Q1072896,E14000658,country:gb/country:eng,country:gb/country:eng/westminster-constituency:e14000658
Dartford Co Const,Dartford,Q3138553,E14000659,country:gb/country:eng,country:gb/country:eng/westminster-constituency:e14000659
Daventry Co Const,Daventry,Q1075915,E14000660,country:gb/country:eng,country:gb/country:eng/westminster-constituency:e14000660
Delyn Co Const,Delyn,Q1077406,W07000042,country:gb/country:wls,country:gb/country:wls/westminster-constituency:w07000042
Denton and Reddish Boro Const,Denton and Reddish,Q3231747,E14000661,country:gb/country:eng,country:gb/country:eng/westminster-constituency:e14000661
Derby North Boro Const,Derby North,Q3231812,E14000662,country:gb/country:eng,country:gb/country:eng/westminster-constituency:e14000662
Derby South Boro Const,Derby South,Q1077561,E14000663,country:gb/country:eng,country:gb/country:eng/westminster-constituency:e14000663
Derbyshire Dales Co Const,Derbyshire Dales,Q3138528,E14000664,country:gb/country:eng,country:gb/country:eng/westminster-constituency:e14000664
Devizes Co Const,Devizes,Q1080502,E14000665,country:gb/country:eng,country:gb/country:eng/westminster-constituency:e14000665
Dewsbury Co Const,Dewsbury,Q1077785,E14000666,country:gb/country:eng,country:gb/country:eng/westminster-constituency:e14000666
Don Valley Co Const,Don Valley,Q1077816,E14000667,country:gb/country:eng,country:gb/country:eng/westminster-constituency:e14000667
Doncaster Central Boro Const,Doncaster Central,Q3138501,E14000668,country:gb/country:eng,country:gb/country:eng/westminster-constituency:e14000668
Doncaster North Co Const,Doncaster North,Q1070108,E14000669,country:gb/country:eng,country:gb/country:eng/westminster-constituency:e14000669
Dover Co Const,Dover,Q1070334,E14000670,country:gb/country:eng,country:gb/country:eng/westminster-constituency:e14000670
Dudley North Boro Const,Dudley North,Q3335941,E14000671,country:gb/country:eng,country:gb/country:eng/westminster-constituency:e14000671
Dudley South Boro Const,Dudley South,Q3335964,E14000672,country:gb/country:eng,country:gb/country:eng/westminster-constituency:e14000672
Dulwich and West Norwood Boro Const,Dulwich and West Norwood,Q3335993,E14000673,country:gb/country:eng,country:gb/country:eng/westminster-constituency:e14000673
Dumfries and Galloway Co Const,Dumfries and Galloway,Q3336017,S14000013,country:gb/country:sct,country:gb/country:sct/westminster-constituency:s14000013
"Dumfriesshire, Clydesdale and Tweeddale Co Const","Dumfriesshire, Clydesdale and Tweeddale",Q3336059,S14000014,country:gb/country:sct,country:gb/country:sct/westminster-constituency:s14000014
Dundee East Burgh Const,Dundee East,Q1032268,S14000015,country:gb/country:sct,country:gb/country:sct/westminster-constituency:s14000015
Dundee West Burgh Const,Dundee West,Q1032281,S14000016,country:gb/country:sct,country:gb/country:sct/westminster-constituency:s14000016
Dunfermline and West Fife Co Const,Dunfermline and West Fife,Q1032300,S14000017,country:gb/country:sct,country:gb/country:sct/westminster-constituency:s14000017
Dwyfor Meirionnydd Co Const,Dwyfor Meirionnydd,Q3231892,W07000061,country:gb/country:wls,country:gb/country:wls/westminster-constituency:w07000061
EAST ANTRIM,East Antrim,Q751620,N06000005,country:gb/province:nir,country:gb/province:nir/westminster-constituency:n06000005
EAST LONDONDERRY,East Londonderry,Q751629,N06000006,country:gb/province:nir,country:gb/province:nir/westminster-constituency:n06000006
Ealing Central and Acton Boro Const,Ealing Central and Acton,Q3231914,E14000674,country:gb/country:eng,country:gb/country:eng/westminster-constituency:e14000674
Ealing North Boro Const,Ealing North,Q1077439,E14000675,country:gb/country:eng,country:gb/country:eng/westminster-constituency:e14000675
"Ealing, Southall Boro Const",Ealing Southall,Q1077590,E14000676,country:gb/country:eng,country:gb/country:eng/westminster-constituency:e14000676
Easington Co Const,Easington,Q611841,E14000677,country:gb/country:eng,country:gb/country:eng/westminster-constituency:e14000677
East Devon Co Const,East Devon,Q1080518,E14000678,country:gb/country:eng,country:gb/country:eng/westminster-constituency:e14000678
East Dunbartonshire Co Const,East Dunbartonshire,Q874525,S14000018,country:gb/country:sct,country:gb/country:sct/westminster-constituency:s14000018
East Ham Boro Const,East Ham,Q3337719,E14000679,country:gb/country:eng,country:gb/country:eng/westminster-constituency:e14000679
East Hampshire Co Const,East Hampshire,Q3337705,E14000680,country:gb/country:eng,country:gb/country:eng/westminster-constituency:e14000680
"East Kilbride, Strathaven and Lesmahagow Co Const","East Kilbride, Strathaven and Lesmahagow",Q3337694,S14000019,country:gb/country:sct,country:gb/country:sct/westminster-constituency:s14000019
East Lothian Co Const,East Lothian,Q3138472,S14000020,country:gb/country:sct,country:gb/country:sct/westminster-constituency:s14000020
East Renfrewshire Co Const,East Renfrewshire,Q1070154,S14000021,country:gb/country:sct,country:gb/country:sct/westminster-constituency:s14000021
East Surrey Co Const,East Surrey,Q1051435,E14000681,country:gb/country:eng,country:gb/country:eng/westminster-constituency:e14000681
East Worthing and Shoreham Co Const,East Worthing and Shoreham,Q3337670,E14000682,country:gb/country:eng,country:gb/country:eng/westminster-constituency:e14000682
East Yorkshire Co Const,East Yorkshire,Q3337642,E14000683,country:gb/country:eng,country:gb/country:eng/westminster-constituency:e14000683
Eastbourne Boro Const,Eastbourne,Q3337618,E14000684,country:gb/country:eng,country:gb/country:eng/westminster-constituency:e14000684
Eastleigh Boro Const,Eastleigh,Q3337598,E14000685,country:gb/country:eng,country:gb/country:eng/westminster-constituency:e14000685
Eddisbury Co Const,Eddisbury,Q3337569,E14000686,country:gb/country:eng,country:gb/country:eng/westminster-constituency:e14000686
Edinburgh East Burgh Const,Edinburgh East,Q661360,S14000022,country:gb/country:sct,country:gb/country:sct/westminster-constituency:s14000022
Edinburgh North and Leith Burgh Const,Edinburgh North and Leith,Q3138439,S14000023,country:gb/country:sct,country:gb/country:sct/westminster-constituency:s14000023
Edinburgh South Burgh Const,Edinburgh South,Q1070093,S14000024,country:gb/country:sct,country:gb/country:sct/westminster-constituency:s14000024
Edinburgh South West Burgh Const,Edinburgh South West,Q3138417,S14000025,country:gb/country:sct,country:gb/country:sct/westminster-constituency:s14000025
Edinburgh West Burgh Const,Edinburgh West,Q1070045,S14000026,country:gb/country:sct,country:gb/country:sct/westminster-constituency:s14000026
Edmonton Boro Const,Edmonton,Q1077346,E14000687,country:gb/country:eng,country:gb/country:eng/westminster-constituency:e14000687
Ellesmere Port and Neston Co Const,Ellesmere Port and Neston,Q3302172,E14000688,country:gb/country:eng,country:gb/country:eng/westminster-constituency:e14000688
Elmet and Rothwell Co Const,Elmet and Rothwell,Q3302198,E14000689,country:gb/country:eng,country:gb/country:eng/westminster-constituency:e14000689
Eltham Boro Const,Eltham,Q1113118,E14000690,country:gb/country:eng,country:gb/country:eng/westminster-constituency:e14000690
Enfield North Boro Const,Enfield North,Q1077497,E14000691,country:gb/country:eng,country:gb/country:eng/westminster-constituency:e14000691
"Enfield, Southgate Boro Const",Enfield Southgate,Q1077513,E14000692,country:gb/country:eng,country:gb/country:eng/westminster-constituency:e14000692
Epping Forest Co Const,Epping Forest,Q3337505,E14000693,country:gb/country:eng,country:gb/country:eng/westminster-constituency:e14000693
Epsom and Ewell Boro Const,Epsom and Ewell,Q3337484,E14000694,country:gb/country:eng,country:gb/country:eng/westminster-constituency:e14000694
Erewash Co Const,Erewash,Q3337458,E14000695,country:gb/country:eng,country:gb/country:eng/westminster-constituency:e14000695
Erith and Thamesmead Boro Const,Erith and Thamesmead,Q1077754,E14000696,country:gb/country:eng,country:gb/country:eng/westminster-constituency:e14000696
Esher and Walton Boro Const,Esher and Walton,Q3138391,E14000697,country:gb/country:eng,country:gb/country:eng/westminster-constituency:e14000697
Exeter Boro Const,Exeter,Q24768,E14000698,country:gb/country:eng,country:gb/country:eng/westminster-constituency:e14000698
FERMANAGH AND SOUTH TYRONE,Fermanagh and South Tyrone,Q751637,N06000007,country:gb/province:nir,country:gb/province:nir/westminster-constituency:n06000007
FOYLE,Foyle,Q751642,N06000008,country:gb/province:nir,country:gb/province:nir/westminster-constituency:n06000008
Falkirk Co Const,Falkirk,Q3138350,S14000028,country:gb/country:sct,country:gb/country:sct/westminster-constituency:s14000028
Fareham Co Const,Fareham,Q1080418,E14000699,country:gb/country:eng,country:gb/country:eng/westminster-constituency:e14000699
Faversham and Mid Kent Co Const,Faversham and Mid Kent,Q3138335,E14000700,country:gb/country:eng,country:gb/country:eng/westminster-constituency:e14000700
Feltham and Heston Boro Const,Feltham and Heston,Q1077750,E14000701,country:gb/country:eng,country:gb/country:eng/westminster-constituency:e14000701
Filton and Bradley Stoke Co Const,Filton and Bradley Stoke,Q3138317,E14000702,country:gb/country:eng,country:gb/country:eng/westminster-constituency:e14000702
Finchley and Golders Green Boro Const,Finchley and Golders Green,Q1077620,E14000703,country:gb/country:eng,country:gb/country:eng/westminster-constituency:e14000703
Folkestone and Hythe Co Const,Folkestone and Hythe,Q1077573,E14000704,country:gb/country:eng,country:gb/country:eng/westminster-constituency:e14000704
Forest of Dean Co Const,Forest of Dean,Q1080510,E14000705,country:gb/country:eng,country:gb/country:eng/westminster-constituency:e14000705
Fylde Co Const,Fylde,Q1077771,E14000706,country:gb/country:eng,country:gb/country:eng/westminster-constituency:e14000706
Gainsborough Co Const,Gainsborough,Q1077582,E14000707,country:gb/country:eng,country:gb/country:eng/westminster-constituency:e14000707
Garston and Halewood Boro Const,Garston and Halewood,Q3301627,E14000708,country:gb/country:eng,country:gb/country:eng/westminster-constituency:e14000708
Gateshead Boro Const,Gateshead,Q3301660,E14000709,country:gb/country:eng,country:gb/country:eng/westminster-constituency:e14000709
Gedling Co Const,Gedling,Q3301684,E14000710,country:gb/country:eng,country:gb/country:eng/westminster-constituency:e14000710
Gillingham and Rainham Boro Const,Gillingham and Rainham,Q3301704,E14000711,country:gb/country:eng,country:gb/country:eng/westminster-constituency:e14000711
Glasgow Central Burgh Const,Glasgow Central,Q1070123,S14000029,country:gb/country:sct,country:gb/country:sct/westminster-constituency:s14000029
Glasgow East Burgh Const,Glasgow East,Q3301747,S14000030,country:gb/country:sct,country:gb/country:sct/westminster-constituency:s14000030
Glasgow North Burgh Const,Glasgow North,Q3301764,S14000031,country:gb/country:sct,country:gb/country:sct/westminster-constituency:s14000031
Glasgow North East Burgh Const,Glasgow North East,Q3301796,S14000032,country:gb/country:sct,country:gb/country:sct/westminster-constituency:s14000032
Glasgow North West Burgh Const,Glasgow North West,Q3301821,S14000033,country:gb/country:sct,country:gb/country:sct/westminster-constituency:s14000033
Glasgow South Burgh Const,Glasgow South,Q3301842,S14000034,country:gb/country:sct,country:gb/country:sct/westminster-constituency:s14000034
Glasgow South West Burgh Const,Glasgow South West,Q3301862,S14000035,country:gb/country:sct,country:gb/country:sct/westminster-constituency:s14000035
Glenrothes Co Const,Glenrothes,Q3301886,S14000036,country:gb/country:sct,country:gb/country:sct/westminster-constituency:s14000036
Gloucester Boro Const,Gloucester,Q1080484,E14000712,country:gb/country:eng,country:gb/country:eng/westminster-constituency:e14000712
Gordon Co Const,Gordon,Q3301906,S14000037,country:gb/country:sct,country:gb/country:sct/westminster-constituency:s14000037
Gosport Boro Const,Gosport,Q3301998,E14000713,country:gb/country:eng,country:gb/country:eng/westminster-constituency:e14000713
Gower Co Const,Gower,Q1077357,W07000046,country:gb/country:wls,country:gb/country:wls/westminster-constituency:w07000046
Grantham and Stamford Co Const,Grantham and Stamford,Q3302028,E14000714,country:gb/country:eng,country:gb/country:eng/westminster-constituency:e14000714
Gravesham Co Const,Gravesham,Q3302057,E14000715,country:gb/country:eng,country:gb/country:eng/westminster-constituency:e14000715
Great Grimsby Boro Const,Great Grimsby,Q1080445,E14000716,country:gb/country:eng,country:gb/country:eng/westminster-constituency:e14000716
Great Yarmouth Co Const,Great Yarmouth,Q1072660,E14000717,country:gb/country:eng,country:gb/country:eng/westminster-constituency:e14000717
Greenwich and Woolwich Boro Const,Greenwich and Woolwich,Q1077391,E14000718,country:gb/country:eng,country:gb/country:eng/westminster-constituency:e14000718
Guildford Co Const,Guildford,Q1087870,E14000719,country:gb/country:eng,country:gb/country:eng/westminster-constituency:e14000719
Hackney North and Stoke Newington Boro Const,Hackney North and Stoke Newington,Q3138286,E14000720,country:gb/country:eng,country:gb/country:eng/westminster-constituency:e14000720
Hackney South and Shoreditch Boro Const,Hackney South and Shoreditch,Q1113086,E14000721,country:gb/country:eng,country:gb/country:eng/westminster-constituency:e14000721
Halesowen and Rowley Regis Boro Const,Halesowen and Rowley Regis,Q3138259,E14000722,country:gb/country:eng,country:gb/country:eng/westminster-constituency:e14000722
Halifax Boro Const,Halifax,Q1075433,E14000723,country:gb/country:eng,country:gb/country:eng/westminster-constituency:e14000723
Haltemprice and Howden Co Const,Haltemprice and Howden,Q3337409,E14000724,country:gb/country:eng,country:gb/country:eng/westminster-constituency:e14000724
Halton Co Const,Halton,Q3337393,E14000725,country:gb/country:eng,country:gb/country:eng/westminster-constituency:e14000725
Hammersmith Boro Const,Hammersmith,Q3337375,E14000726,country:gb/country:eng,country:gb/country:eng/westminster-constituency:e14000726
Hampstead and Kilburn Boro Const,Hampstead and Kilburn,Q3337350,E14000727,country:gb/country:eng,country:gb/country:eng/westminster-constituency:e14000727
Harborough Co Const,Harborough,Q3337330,E14000728,country:gb/country:eng,country:gb/country:eng/westminster-constituency:e14000728
Harlow Co Const,Harlow,Q3337305,E14000729,country:gb/country:eng,country:gb/country:eng/westminster-constituency:e14000729
Harrogate and Knaresborough Co Const,Harrogate and Knaresborough,Q3337289,E14000730,country:gb/country:eng,country:gb/country:eng/westminster-constituency:e14000730
Harrow East Boro Const,Harrow East,Q1077528,E14000731,country:gb/country:eng,country:gb/country:eng/westminster-constituency:e14000731
Harrow West Boro Const,Harrow West,Q1077371,E14000732,country:gb/country:eng,country:gb/country:eng/westminster-constituency:e14000732
Hartlepool Boro Const,Hartlepool,Q1072710,E14000733,country:gb/country:eng,country:gb/country:eng/westminster-constituency:e14000733
Harwich and North Essex Co Const,Harwich and North Essex,Q3337248,E14000734,country:gb/country:eng,country:gb/country:eng/westminster-constituency:e14000734
Hastings and Rye Co Const,Hastings and Rye,Q3337224,E14000735,country:gb/country:eng,country:gb/country:eng/westminster-constituency:e14000735
Havant Boro Const,Havant,Q3337210,E14000736,country:gb/country:eng,country:gb/country:eng/westminster-constituency:e14000736
Hayes and Harlington Boro Const,Hayes and Harlington,Q1117254,E14000737,country:gb/country:eng,country:gb/country:eng/westminster-constituency:e14000737
Hazel Grove Co Const,Hazel Grove,Q3337181,E14000738,country:gb/country:eng,country:gb/country:eng/westminster-constituency:e14000738
Hemel Hempstead Co Const,Hemel Hempstead,Q3337168,E14000739,country:gb/country:eng,country:gb/country:eng/westminster-constituency:e14000739
Hemsworth Co Const,Hemsworth,Q3337141,E14000740,country:gb/country:eng,country:gb/country:eng/westminster-constituency:e14000740
Hendon Boro Const,Hendon,Q3337106,E14000741,country:gb/country:eng,country:gb/country:eng/westminster-constituency:e14000741
Henley Co Const,Henley,Q1080330,E14000742,country:gb/country:eng,country:gb/country:eng/westminster-constituency:e14000742
Hereford and South Herefordshire Co Const,Hereford and South Herefordshire,Q3302232,E14000743,country:gb/country:eng,country:gb/country:eng/westminster-constituency:e14000743
Hertford and Stortford Co Const,Hertford and Stortford,Q3302256,E14000744,country:gb/country:eng,country:gb/country:eng/westminster-constituency:e14000744
Hertsmere Co Const,Hertsmere,Q1072635,E14000745,country:gb/country:eng,country:gb/country:eng/westminster-constituency:e14000745
Hexham Co Const,Hexham,Q1072703,E14000746,country:gb/country:eng,country:gb/country:eng/westminster-constituency:e14000746
Heywood and Middleton Co Const,Heywood and Middleton,Q3302282,E14000747,country:gb/country:eng,country:gb/country:eng/westminster-constituency:e14000747
High Peak Co Const,High Peak,Q3302305,E14000748,country:gb/country:eng,country:gb/country:eng/westminster-constituency:e14000748
Hitchin and Harpenden Co Const,Hitchin and Harpenden,Q1072676,E14000749,country:gb/country:eng,country:gb/country:eng/westminster-constituency:e14000749
Holborn and St. Pancras Boro Const,Holborn and St Pancras,Q3337060,E14000750,country:gb/country:eng,country:gb/country:eng/westminster-constituency:e14000750
Hornchurch and Upminster Boro Const,Hornchurch and Upminster,Q3337041,E14000751,country:gb/country:eng,country:gb/country:eng/westminster-constituency:e14000751
Hornsey and Wood Green Boro Const,Hornsey and Wood Green,Q3337022,E14000752,country:gb/country:eng,country:gb/country:eng/westminster-constituency:e14000752
Horsham Co Const,Horsham,Q1075944,E14000753,country:gb/country:eng,country:gb/country:eng/westminster-constituency:e14000753
Houghton and Sunderland South Boro Const,Houghton and Sunderland South,Q3138221,E14000754,country:gb/country:eng,country:gb/country:eng/westminster-constituency:e14000754
Hove Boro Const,Hove,Q1077764,E14000755,country:gb/country:eng,country:gb/country:eng/westminster-constituency:e14000755
Huddersfield Boro Const,Huddersfield,Q1080409,E14000756,country:gb/country:eng,country:gb/country:eng/westminster-constituency:e14000756
Huntingdon Co Const,Huntingdon,Q3336990,E14000757,country:gb/country:eng,country:gb/country:eng/westminster-constituency:e14000757
Hyndburn Boro Const,Hyndburn,Q3336979,E14000758,country:gb/country:eng,country:gb/country:eng/westminster-constituency:e14000758
Ilford North Boro Const,Ilford North,Q3336954,E14000759,country:gb/country:eng,country:gb/country:eng/westminster-constituency:e14000759
Ilford South Boro Const,Ilford South,Q1077519,E14000760,country:gb/country:eng,country:gb/country:eng/westminster-constituency:e14000760
Inverclyde Co Const,Inverclyde,Q3302325,S14000038,country:gb/country:sct,country:gb/country:sct/westminster-constituency:s14000038
"Inverness, Nairn, Badenoch and Strathspey Co Const","Inverness, Nairn, Badenoch and Strathspey",Q3302442,S14000039,country:gb/country:sct,country:gb/country:sct/westminster-constituency:s14000039
Ipswich Boro Const,Ipswich,Q1072645,E14000761,country:gb/country:eng,country:gb/country:eng/westminster-constituency:e14000761
Isle of Wight Co Const,Isle of Wight,Q650377,E14000762,country:gb/country:eng,country:gb/country:eng/westminster-constituency:e14000762
Islington North Boro Const,Islington North,Q1077552,E14000763,country:gb/country:eng,country:gb/country:eng/westminster-constituency:e14000763
Islington South and Finsbury Boro Const,Islington South and Finsbury,Q3138197,E14000764,country:gb/country:eng,country:gb/country:eng/westminster-constituency:e14000764
Islwyn Co Const,Islwyn,Q1077338,W07000077,country:gb/country:wls,country:gb/country:wls/westminster-constituency:w07000077
Jarrow Boro Const,Jarrow,Q1072775,E14000765,country:gb/country:eng,country:gb/country:eng/westminster-constituency:e14000765
Keighley Co Const,Keighley,Q1077825,E14000766,country:gb/country:eng,country:gb/country:eng/westminster-constituency:e14000766
Kenilworth and Southam Co Const,Kenilworth and Southam,Q3302470,E14000767,country:gb/country:eng,country:gb/country:eng/westminster-constituency:e14000767
Kensington Boro Const,Kensington,Q3302490,E14000768,country:gb/country:eng,country:gb/country:eng/westminster-constituency:e14000768
Kettering Co Const,Kettering,Q1077506,E14000769,country:gb/country:eng,country:gb/country:eng/westminster-constituency:e14000769
Kilmarnock and Loudoun Co Const,Kilmarnock and Loudoun,Q1070130,S14000040,country:gb/country:sct,country:gb/country:sct/westminster-constituency:s14000040
Kingston and Surbiton Boro Const,Kingston and Surbiton,Q3138167,E14000770,country:gb/country:eng,country:gb/country:eng/westminster-constituency:e14000770
Kingston upon Hull East Boro Const,Kingston upon Hull East,Q731571,E14000771,country:gb/country:eng,country:gb/country:eng/westminster-constituency:e14000771
Kingston upon Hull North Boro Const,Kingston upon Hull North,Q3138145,E14000772,country:gb/country:eng,country:gb/country:eng/westminster-constituency:e14000772
Kingston upon Hull West and Hessle Boro Const,Kingston upon Hull West and Hessle,Q1080435,E14000773,country:gb/country:eng,country:gb/country:eng/westminster-constituency:e14000773
Kingswood Boro Const,Kingswood,Q280886,E14000774,country:gb/country:eng,country:gb/country:eng/westminster-constituency:e14000774
Kirkcaldy and Cowdenbeath Co Const,Kirkcaldy and Cowdenbeath,Q3336187,S14000041,country:gb/country:sct,country:gb/country:sct/westminster-constituency:s14000041
Knowsley Boro Const,Knowsley,Q3336201,E14000775,country:gb/country:eng,country:gb/country:eng/westminster-constituency:e14000775
LAGAN VALLEY,Lagan Valley,Q751651,N06000009,country:gb/province:nir,country:gb/province:nir/westminster-constituency:n06000009
Lanark and Hamilton East Co Const,Lanark and Hamilton East,Q3336217,S14000042,country:gb/country:sct,country:gb/country:sct/westminster-constituency:s14000042
Lancaster and Fleetwood Co Const,Lancaster and Fleetwood,Q3336228,E14000776,country:gb/country:eng,country:gb/country:eng/westminster-constituency:e14000776
Leeds Central Boro Const,Leeds Central,Q1075498,E14000777,country:gb/country:eng,country:gb/country:eng/westminster-constituency:e14000777
Leeds East Boro Const,Leeds East,Q1075461,E14000778,country:gb/country:eng,country:gb/country:eng/westminster-constituency:e14000778
Leeds North East Boro Const,Leeds North East,Q1075452,E14000779,country:gb/country:eng,country:gb/country:eng/westminster-constituency:e14000779
Leeds North West Boro Const,Leeds North West,Q3138122,E14000780,country:gb/country:eng,country:gb/country:eng/westminster-constituency:e14000780
Leeds West Boro Const,Leeds West,Q1075428,E14000781,country:gb/country:eng,country:gb/country:eng/westminster-constituency:e14000781
Leicester East Boro Const,Leicester East,Q1077463,E14000782,country:gb/country:eng,country:gb/country:eng/westminster-constituency:e14000782
Leicester South Boro Const,Leicester South,Q1077534,E14000783,country:gb/country:eng,country:gb/country:eng/westminster-constituency:e14000783
Leicester West Boro Const,Leicester West,Q1075920,E14000784,country:gb/country:eng,country:gb/country:eng/westminster-constituency:e14000784
Leigh Co Const,Leigh,Q1080424,E14000785,country:gb/country:eng,country:gb/country:eng/westminster-constituency:e14000785
Lewes Co Const,Lewes,Q1070328,E14000786,country:gb/country:eng,country:gb/country:eng/westminster-constituency:e14000786
Lewisham East Boro Const,Lewisham East,Q3336099,E14000787,country:gb/country:eng,country:gb/country:eng/westminster-constituency:e14000787
Lewisham West and Penge Boro Const,Lewisham West and Penge,Q3336117,E14000788,country:gb/country:eng,country:gb/country:eng/westminster-constituency:e14000788
"Lewisham, Deptford Boro Const",Lewisham Deptford,Q597358,E14000789,country:gb/country:eng,country:gb/country:eng/westminster-constituency:e14000789
Leyton and Wanstead Boro Const,Leyton and Wanstead,Q1113142,E14000790,country:gb/country:eng,country:gb/country:eng/westminster-constituency:e14000790
Lichfield Co Const,Lichfield,Q1080391,E14000791,country:gb/country:eng,country:gb/country:eng/westminster-constituency:e14000791
Lincoln Boro Const,Lincoln,Q1077604,E14000792,country:gb/country:eng,country:gb/country:eng/westminster-constituency:e14000792
Linlithgow and East Falkirk Co Const,Linlithgow and East Falkirk,Q3336133,S14000043,country:gb/country:sct,country:gb/country:sct/westminster-constituency:s14000043
"Liverpool, Riverside Boro Const",Liverpool Riverside,Q3336139,E14000793,country:gb/country:eng,country:gb/country:eng/westminster-constituency:e14000793
"Liverpool, Walton Boro Const",Liverpool Walton,Q1077802,E14000794,country:gb/country:eng,country:gb/country:eng/westminster-constituency:e14000794
"Liverpool, Wavertree Boro Const",Liverpool Wavertree,Q3138091,E14000795,country:gb/country:eng,country:gb/country:eng/westminster-constituency:e14000795
"Liverpool, West Derby Boro Const",Liverpool West Derby,Q1080299,E14000796,country:gb/country:eng,country:gb/country:eng/westminster-constituency:e14000796
Livingston Co Const,Livingston,Q1070116,S14000044,country:gb/country:sct,country:gb/country:sct/westminster-constituency:s14000044
Llanelli Co Const,Llanelli,Q3138076,W07000045,country:gb/country:wls,country:gb/country:wls/westminster-constituency:w07000045
Loughborough Co Const,Loughborough,Q1077598,E14000797,country:gb/country:eng,country:gb/country:eng/westminster-constituency:e14000797
Louth and Horncastle Co Const,Louth and Horncastle,Q3336909,E14000798,country:gb/country:eng,country:gb/country:eng/westminster-constituency:e14000798
Ludlow Co Const,Ludlow,Q3336884,E14000799,country:gb/country:eng,country:gb/country:eng/westminster-constituency:e14000799
Luton North Boro Const,Luton North,Q3336866,E14000800,country:gb/country:eng,country:gb/country:eng/westminster-constituency:e14000800
Luton South Boro Const,Luton South,Q3336848,E14000801,country:gb/country:eng,country:gb/country:eng/westminster-constituency:e14000801
MID ULSTER,Mid Ulster,Q751660,N06000010,country:gb/province:nir,country:gb/province:nir/westminster-constituency:n06000010
Macclesfield Co Const,Macclesfield,Q3336829,E14000802,country:gb/country:eng,country:gb/country:eng/westminster-constituency:e14000802
Maidenhead Co Const,Maidenhead,Q3336813,E14000803,country:gb/country:eng,country:gb/country:eng/westminster-constituency:e14000803
Maidstone and The Weald Co Const,Maidstone and The Weald,Q1080493,E14000804,country:gb/country:eng,country:gb/country:eng/westminster-constituency:e14000804
Makerfield Co Const,Makerfield,Q1080368,E14000805,country:gb/country:eng,country:gb/country:eng/westminster-constituency:e14000805
Maldon Co Const,Maldon,Q3138034,E14000806,country:gb/country:eng,country:gb/country:eng/westminster-constituency:e14000806
Manchester Central Boro Const,Manchester Central,Q1070072,E14000807,country:gb/country:eng,country:gb/country:eng/westminster-constituency:e14000807
"Manchester, Gorton Boro Const",Manchester Gorton,Q1080308,E14000808,country:gb/country:eng,country:gb/country:eng/westminster-constituency:e14000808
"Manchester, Withington Boro Const",Manchester Withington,Q3336781,E14000809,country:gb/country:eng,country:gb/country:eng/westminster-constituency:e14000809
Mansfield Co Const,Mansfield,Q3336746,E14000810,country:gb/country:eng,country:gb/country:eng/westminster-constituency:e14000810
Meon Valley Co Const,Meon Valley,Q3336720,E14000811,country:gb/country:eng,country:gb/country:eng/westminster-constituency:e14000811
Meriden Co Const,Meriden,Q3336696,E14000812,country:gb/country:eng,country:gb/country:eng/westminster-constituency:e14000812
Merthyr Tydfil and Rhymney Co Const,Merthyr Tydfil and Rhymney,Q1077363,W07000071,country:gb/country:wls,country:gb/country:wls/westminster-constituency:w07000071
Mid Bedfordshire Co Const,Mid Bedfordshire,Q1072632,E14000813,country:gb/country:eng,country:gb/country:eng/westminster-constituency:e14000813
Mid Derbyshire Co Const,Mid Derbyshire,Q3043035,E14000814,country:gb/country:eng,country:gb/country:eng/westminster-constituency:e14000814
Mid Dorset and North Poole Co Const,Mid Dorset and North Poole,Q1053572,E14000815,country:gb/country:eng,country:gb/country:eng/westminster-constituency:e14000815
Mid Norfolk Co Const,Mid Norfolk,Q1053541,E14000816,country:gb/country:eng,country:gb/country:eng/westminster-constituency:e14000816
Mid Sussex Co Const,Mid Sussex,Q373667,E14000817,country:gb/country:eng,country:gb/country:eng/westminster-constituency:e14000817
Mid Worcestershire Co Const,Mid Worcestershire,Q1053452,E14000818,country:gb/country:eng,country:gb/country:eng/westminster-constituency:e14000818
Middlesbrough Boro Const,Middlesbrough,Q1053438,E14000819,country:gb/country:eng,country:gb/country:eng/westminster-constituency:e14000819
Middlesbrough South and East Cleveland Co Const,Middlesbrough South and East Cleveland,Q1053429,E14000820,country:gb/country:eng,country:gb/country:eng/westminster-constituency:e14000820
Midlothian Co Const,Midlothian,Q1053415,S14000045,country:gb/country:sct,country:gb/country:sct/westminster-constituency:s14000045
Milton Keynes North Co Const,Milton Keynes North,Q1053398,E14000821,country:gb/country:eng,country:gb/country:eng/westminster-constituency:e14000821
Milton Keynes South Boro Const,Milton Keynes South,Q1053383,E14000822,country:gb/country:eng,country:gb/country:eng/westminster-constituency:e14000822
Mitcham and Morden Boro Const,Mitcham and Morden,Q1053376,E14000823,country:gb/country:eng,country:gb/country:eng/westminster-constituency:e14000823
Mole Valley Co Const,Mole Valley,Q1053362,E14000824,country:gb/country:eng,country:gb/country:eng/westminster-constituency:e14000824
Monmouth Co Const,Monmouth,Q1053353,W07000054,country:gb/country:wls,country:gb/country:wls/westminster-constituency:w07000054
Montgomeryshire Co Const,Montgomeryshire,Q1053339,W07000063,country:gb/country:wls,country:gb/country:wls/westminster-constituency:w07000063
Moray Co Const,Moray,Q1053311,S14000046,country:gb/country:sct,country:gb/country:sct/westminster-constituency:s14000046
Morecambe and Lunesdale Co Const,Morecambe and Lunesdale,Q1053298,E14000825,country:gb/country:eng,country:gb/country:eng/westminster-constituency:e14000825
Morley and Outwood Co Const,Morley and Outwood,Q1053274,E14000826,country:gb/country:eng,country:gb/country:eng/westminster-constituency:e14000826
Motherwell and Wishaw Burgh Const,Motherwell and Wishaw,Q1053259,S14000047,country:gb/country:sct,country:gb/country:sct/westminster-constituency:s14000047
NEWRY AND ARMAGH,Newry and Armagh,Q751675,N06000011,country:gb/province:nir,country:gb/province:nir/westminster-constituency:n06000011
NORTH ANTRIM,North Antrim,Q751685,N06000012,country:gb/province:nir,country:gb/province:nir/westminster-constituency:n06000012
NORTH DOWN,North Down,Q751693,N06000013,country:gb/province:nir,country:gb/province:nir/westminster-constituency:n06000013
Na h-Eileanan an Iar Co Const,Na h-Eileanan an Iar,Q1053141,S14000027,country:gb/country:sct,country:gb/country:sct/westminster-constituency:s14000027
Neath Co Const,Neath,Q1053099,W07000069,country:gb/country:wls,country:gb/country:wls/westminster-constituency:w07000069
New Forest East Co Const,New Forest East,Q1053065,E14000827,country:gb/country:eng,country:gb/country:eng/westminster-constituency:e14000827
New Forest West Co Const,New Forest West,Q1053043,E14000828,country:gb/country:eng,country:gb/country:eng/westminster-constituency:e14000828
Newark Co Const,Newark,Q1053027,E14000829,country:gb/country:eng,country:gb/country:eng/westminster-constituency:e14000829
Newbury Co Const,Newbury,Q1053007,E14000830,country:gb/country:eng,country:gb/country:eng/westminster-constituency:e14000830
Newcastle upon Tyne Central Boro Const,Newcastle upon Tyne Central,Q1052935,E14000831,country:gb/country:eng,country:gb/country:eng/westminster-constituency:e14000831
Newcastle upon Tyne East Boro Const,Newcastle upon Tyne East,Q974748,E14000832,country:gb/country:eng,country:gb/country:eng/westminster-constituency:e14000832
Newcastle upon Tyne North Boro Const,Newcastle upon Tyne North,Q1052385,E14000833,country:gb/country:eng,country:gb/country:eng/westminster-constituency:e14000833
Newcastle-under-Lyme Boro Const,Newcastle-under-Lyme,Q1052362,E14000834,country:gb/country:eng,country:gb/country:eng/westminster-constituency:e14000834
Newport East Co Const,Newport East,Q1052345,W07000055,country:gb/country:wls,country:gb/country:wls/westminster-constituency:w07000055
Newport West Co Const,Newport West,Q1052327,W07000056,country:gb/country:wls,country:gb/country:wls/westminster-constituency:w07000056
Newton Abbot Co Const,Newton Abbot,Q1032224,E14000835,country:gb/country:eng,country:gb/country:eng/westminster-constituency:e14000835
"Normanton, Pontefract and Castleford Co Const","Normanton, Pontefract and Castleford",Q1032235,E14000836,country:gb/country:eng,country:gb/country:eng/westminster-constituency:e14000836
North Ayrshire and Arran Co Const,North Ayrshire and Arran,Q1032569,S14000048,country:gb/country:sct,country:gb/country:sct/westminster-constituency:s14000048
North Cornwall Co Const,North Cornwall,Q1032559,E14000837,country:gb/country:eng,country:gb/country:eng/westminster-constituency:e14000837
North Devon Co Const,North Devon,Q1032551,E14000838,country:gb/country:eng,country:gb/country:eng/westminster-constituency:e14000838
North Dorset Co Const,North Dorset,Q1032537,E14000839,country:gb/country:eng,country:gb/country:eng/westminster-constituency:e14000839
North Durham Co Const,North Durham,Q1032482,E14000840,country:gb/country:eng,country:gb/country:eng/westminster-constituency:e14000840
North East Bedfordshire Co Const,North East Bedfordshire,Q1032489,E14000841,country:gb/country:eng,country:gb/country:eng/westminster-constituency:e14000841
North East Cambridgeshire Co Const,North East Cambridgeshire,Q1032502,E14000842,country:gb/country:eng,country:gb/country:eng/westminster-constituency:e14000842
North East Derbyshire Co Const,North East Derbyshire,Q1032512,E14000843,country:gb/country:eng,country:gb/country:eng/westminster-constituency:e14000843
North East Fife Co Const,North East Fife,Q586663,S14000049,country:gb/country:sct,country:gb/country:sct/westminster-constituency:s14000049
North East Hampshire Co Const,North East Hampshire,Q3342877,E14000844,country:gb/country:eng,country:gb/country:eng/westminster-constituency:e14000844
North East Hertfordshire Co Const,North East Hertfordshire,Q1052307,E14000845,country:gb/country:eng,country:gb/country:eng/westminster-constituency:e14000845
North East Somerset Co Const,North East Somerset,Q1052293,E14000846,country:gb/country:eng,country:gb/country:eng/westminster-constituency:e14000846
North Herefordshire Co Const,North Herefordshire,Q1052276,E14000847,country:gb/country:eng,country:gb/country:eng/westminster-constituency:e14000847
North Norfolk Co Const,North Norfolk,Q1052262,E14000848,country:gb/country:eng,country:gb/country:eng/westminster-constituency:e14000848
North Shropshire Co Const,North Shropshire,Q1052248,E14000849,country:gb/country:eng,country:gb/country:eng/westminster-constituency:e14000849
North Somerset Co Const,North Somerset,Q1052235,E14000850,country:gb/country:eng,country:gb/country:eng/westminster-constituency:e14000850
North Swindon Co Const,North Swindon,Q1052216,E14000851,country:gb/country:eng,country:gb/country:eng/westminster-constituency:e14000851
North Thanet Co Const,North Thanet,Q1051661,E14000852,country:gb/country:eng,country:gb/country:eng/westminster-constituency:e14000852
North Tyneside Boro Const,North Tyneside,Q736909,E14000853,country:gb/country:eng,country:gb/country:eng/westminster-constituency:e14000853
North Warwickshire Co Const,North Warwickshire,Q1051633,E14000854,country:gb/country:eng,country:gb/country:eng/westminster-constituency:e14000854
North West Cambridgeshire Co Const,North West Cambridgeshire,Q1051617,E14000855,country:gb/country:eng,country:gb/country:eng/westminster-constituency:e14000855
North West Durham Co Const,North West Durham,Q1051601,E14000856,country:gb/country:eng,country:gb/country:eng/westminster-constituency:e14000856
North West Hampshire Co Const,North West Hampshire,Q1051591,E14000857,country:gb/country:eng,country:gb/country:eng/westminster-constituency:e14000857
North West Leicestershire Co Const,North West Leicestershire,Q1051582,E14000858,country:gb/country:eng,country:gb/country:eng/westminster-constituency:e14000858
North West Norfolk Co Const,North West Norfolk,Q1051572,E14000859,country:gb/country:eng,country:gb/country:eng/westminster-constituency:e14000859
North Wiltshire Co Const,North Wiltshire,Q1051556,E14000860,country:gb/country:eng,country:gb/country:eng/westminster-constituency:e14000860
Northampton North Boro Const,Northampton North,Q1051537,E14000861,country:gb/country:eng,country:gb/country:eng/westminster-constituency:e14000861
Northampton South Boro Const,Northampton South,Q1051515,E14000862,country:gb/country:eng,country:gb/country:eng/westminster-constituency:e14000862
Norwich North Boro Const,Norwich North,Q1051488,E14000863,country:gb/country:eng,country:gb/country:eng/westminster-constituency:e14000863
Norwich South Boro Const,Norwich South,Q1051416,E14000864,country:gb/country:eng,country:gb/country:eng/westminster-constituency:e14000864
Nottingham East Boro Const,Nottingham East,Q1051397,E14000865,country:gb/country:eng,country:gb/country:eng/westminster-constituency:e14000865
Nottingham North Boro Const,Nottingham North,Q1051300,E14000866,country:gb/country:eng,country:gb/country:eng/westminster-constituency:e14000866
Nottingham South Boro Const,Nottingham South,Q1051246,E14000867,country:gb/country:eng,country:gb/country:eng/westminster-constituency:e14000867
Nuneaton Co Const,Nuneaton,Q1051057,E14000868,country:gb/country:eng,country:gb/country:eng/westminster-constituency:e14000868
Ochil and South Perthshire Co Const,Ochil and South Perthshire,Q1051029,S14000050,country:gb/country:sct,country:gb/country:sct/westminster-constituency:s14000050
Ogmore Co Const,Ogmore,Q1051003,W07000074,country:gb/country:wls,country:gb/country:wls/westminster-constituency:w07000074
Old Bexley and Sidcup Boro Const,Old Bexley and Sidcup,Q1050985,E14000869,country:gb/country:eng,country:gb/country:eng/westminster-constituency:e14000869
Oldham East and Saddleworth Co Const,Oldham East and Saddleworth,Q1050969,E14000870,country:gb/country:eng,country:gb/country:eng/westminster-constituency:e14000870
Oldham West and Royton Boro Const,Oldham West and Royton,Q1050950,E14000871,country:gb/country:eng,country:gb/country:eng/westminster-constituency:e14000871
Orkney and Shetland Co Const,Orkney and Shetland,Q1050931,S14000051,country:gb/country:sct,country:gb/country:sct/westminster-constituency:s14000051
Orpington Boro Const,Orpington,Q1050914,E14000872,country:gb/country:eng,country:gb/country:eng/westminster-constituency:e14000872
Oxford East Boro Const,Oxford East,Q1050889,E14000873,country:gb/country:eng,country:gb/country:eng/westminster-constituency:e14000873
Oxford West and Abingdon Co Const,Oxford West and Abingdon,Q1050814,E14000874,country:gb/country:eng,country:gb/country:eng/westminster-constituency:e14000874
Paisley and Renfrewshire North Co Const,Paisley and Renfrewshire North,Q1050788,S14000052,country:gb/country:sct,country:gb/country:sct/westminster-constituency:s14000052
Paisley and Renfrewshire South Co Const,Paisley and Renfrewshire South,Q253159,S14000053,country:gb/country:sct,country:gb/country:sct/westminster-constituency:s14000053
Pendle Boro Const,Pendle,Q1050733,E14000875,country:gb/country:eng,country:gb/country:eng/westminster-constituency:e14000875
Penistone and Stocksbridge Co Const,Penistone and Stocksbridge,Q1050711,E14000876,country:gb/country:eng,country:gb/country:eng/westminster-constituency:e14000876
Penrith and The Border Co Const,Penrith and The Border,Q1050693,E14000877,country:gb/country:eng,country:gb/country:eng/westminster-constituency:e14000877
Perth and North Perthshire Co Const,Perth and North Perthshire,Q1050667,S14000054,country:gb/country:sct,country:gb/country:sct/westminster-constituency:s14000054
Peterborough Boro Const,Peterborough,Q1050650,E14000878,country:gb/country:eng,country:gb/country:eng/westminster-constituency:e14000878
"Plymouth, Moor View Boro Const",Plymouth Moor View,Q1050631,E14000879,country:gb/country:eng,country:gb/country:eng/westminster-constituency:e14000879
"Plymouth, Sutton and Devonport Boro Const",Plymouth Sutton and Devonport,Q1050608,E14000880,country:gb/country:eng,country:gb/country:eng/westminster-constituency:e14000880
Pontypridd Co Const,Pontypridd,Q1032468,W07000075,country:gb/country:wls,country:gb/country:wls/westminster-constituency:w07000075
Poole Boro Const,Poole,Q1032459,E14000881,country:gb/country:eng,country:gb/country:eng/westminster-constituency:e14000881
Poplar and Limehouse Boro Const,Poplar and Limehouse,Q1032451,E14000882,country:gb/country:eng,country:gb/country:eng/westminster-constituency:e14000882
Portsmouth North Boro Const,Portsmouth North,Q1032443,E14000883,country:gb/country:eng,country:gb/country:eng/westminster-constituency:e14000883
Portsmouth South Boro Const,Portsmouth South,Q1032433,E14000884,country:gb/country:eng,country:gb/country:eng/westminster-constituency:e14000884
Preseli Pembrokeshire Co Const,Preseli Pembrokeshire,Q1032412,W07000065,country:gb/country:wls,country:gb/country:wls/westminster-constituency:w07000065
Preston Boro Const,Preston,Q730581,E14000885,country:gb/country:eng,country:gb/country:eng/westminster-constituency:e14000885
Pudsey Boro Const,Pudsey,Q1032152,E14000886,country:gb/country:eng,country:gb/country:eng/westminster-constituency:e14000886
Putney Boro Const,Putney,Q751381,E14000887,country:gb/country:eng,country:gb/country:eng/westminster-constituency:e14000887
Rayleigh and Wickford Co Const,Rayleigh and Wickford,Q1032138,E14000888,country:gb/country:eng,country:gb/country:eng/westminster-constituency:e14000888
Reading East Boro Const,Reading East,Q1032131,E14000889,country:gb/country:eng,country:gb/country:eng/westminster-constituency:e14000889
Reading West Co Const,Reading West,Q1032106,E14000890,country:gb/country:eng,country:gb/country:eng/westminster-constituency:e14000890
Redcar Boro Const,Redcar,Q1032098,E14000891,country:gb/country:eng,country:gb/country:eng/westminster-constituency:e14000891
Redditch Co Const,Redditch,Q1032085,E14000892,country:gb/country:eng,country:gb/country:eng/westminster-constituency:e14000892
Reigate Boro Const,Reigate,Q1032065,E14000893,country:gb/country:eng,country:gb/country:eng/westminster-constituency:e14000893
Rhondda Co Const,Rhondda,Q1032058,W07000052,country:gb/country:wls,country:gb/country:wls/westminster-constituency:w07000052
Ribble Valley Co Const,Ribble Valley,Q1032052,E14000894,country:gb/country:eng,country:gb/country:eng/westminster-constituency:e14000894
Richmond (Yorks) Co Const,Richmond (Yorks),Q1032035,E14000895,country:gb/country:eng,country:gb/country:eng/westminster-constituency:e14000895
Richmond Park Boro Const,Richmond Park,Q1032015,E14000896,country:gb/country:eng,country:gb/country:eng/westminster-constituency:e14000896
Rochdale Co Const,Rochdale,Q1032004,E14000897,country:gb/country:eng,country:gb/country:eng/westminster-constituency:e14000897
Rochester and Strood Co Const,Rochester and Strood,Q1031975,E14000898,country:gb/country:eng,country:gb/country:eng/westminster-constituency:e14000898
Rochford and Southend East Co Const,Rochford and Southend East,Q1031965,E14000899,country:gb/country:eng,country:gb/country:eng/westminster-constituency:e14000899
Romford Boro Const,Romford,Q1031958,E14000900,country:gb/country:eng,country:gb/country:eng/westminster-constituency:e14000900
Romsey and Southampton North Co Const,Romsey and Southampton North,Q988477,E14000901,country:gb/country:eng,country:gb/country:eng/westminster-constituency:e14000901
"Ross, Skye and Lochaber Co Const","Ross, Skye and Lochaber",Q1031947,S14000055,country:gb/country:sct,country:gb/country:sct/westminster-constituency:s14000055
Rossendale and Darwen Boro Const,Rossendale and Darwen,Q1031940,E14000902,country:gb/country:eng,country:gb/country:eng/westminster-constituency:e14000902
Rother Valley Co Const,Rother Valley,Q1031931,E14000903,country:gb/country:eng,country:gb/country:eng/westminster-constituency:e14000903
Rotherham Boro Const,Rotherham,Q1031928,E14000904,country:gb/country:eng,country:gb/country:eng/westminster-constituency:e14000904
Rugby Co Const,Rugby,Q1031923,E14000905,country:gb/country:eng,country:gb/country:eng/westminster-constituency:e14000905
"Ruislip, Northwood and Pinner Boro Const","Ruislip, Northwood and Pinner",Q988495,E14000906,country:gb/country:eng,country:gb/country:eng/westminster-constituency:e14000906
Runnymede and Weybridge Co Const,Runnymede and Weybridge,Q988509,E14000907,country:gb/country:eng,country:gb/country:eng/westminster-constituency:e14000907
Rushcliffe Co Const,Rushcliffe,Q1031895,E14000908,country:gb/country:eng,country:gb/country:eng/westminster-constituency:e14000908
Rutherglen and Hamilton West Burgh Const,Rutherglen and Hamilton West,Q1031884,S14000056,country:gb/country:sct,country:gb/country:sct/westminster-constituency:s14000056
Rutland and Melton Co Const,Rutland and Melton,Q1031877,E14000909,country:gb/country:eng,country:gb/country:eng/westminster-constituency:e14000909
SOUTH ANTRIM,South Antrim,Q751699,N06000014,country:gb/province:nir,country:gb/province:nir/westminster-constituency:n06000014
SOUTH DOWN,South Down,Q751715,N06000015,country:gb/province:nir,country:gb/province:nir/westminster-constituency:n06000015
STRANGFORD,Strangford,Q751724,N06000016,country:gb/province:nir,country:gb/province:nir/westminster-constituency:n06000016
Saffron Walden Co Const,Saffron Walden,Q1031869,E14000910,country:gb/country:eng,country:gb/country:eng/westminster-constituency:e14000910
Salford and Eccles Boro Const,Salford and Eccles,Q1031863,E14000911,country:gb/country:eng,country:gb/country:eng/westminster-constituency:e14000911
Salisbury Co Const,Salisbury,Q1031840,E14000912,country:gb/country:eng,country:gb/country:eng/westminster-constituency:e14000912
Scarborough and Whitby Co Const,Scarborough and Whitby,Q1031819,E14000913,country:gb/country:eng,country:gb/country:eng/westminster-constituency:e14000913
Scunthorpe Co Const,Scunthorpe,Q989041,E14000914,country:gb/country:eng,country:gb/country:eng/westminster-constituency:e14000914
Sedgefield Co Const,Sedgefield,Q1031806,E14000915,country:gb/country:eng,country:gb/country:eng/westminster-constituency:e14000915
Sefton Central Co Const,Sefton Central,Q1031797,E14000916,country:gb/country:eng,country:gb/country:eng/westminster-constituency:e14000916
Selby and Ainsty Co Const,Selby and Ainsty,Q1031788,E14000917,country:gb/country:eng,country:gb/country:eng/westminster-constituency:e14000917
Sevenoaks Co Const,Sevenoaks,Q1031768,E14000918,country:gb/country:eng,country:gb/country:eng/westminster-constituency:e14000918
Sheffield Central Boro Const,Sheffield Central,Q1031760,E14000919,country:gb/country:eng,country:gb/country:eng/westminster-constituency:e14000919
Sheffield South East Boro Const,Sheffield South East,Q1031751,E14000920,country:gb/country:eng,country:gb/country:eng/westminster-constituency:e14000920
"Sheffield, Brightside and Hillsborough Boro Const",Sheffield Brightside and Hillsborough,Q1031745,E14000921,country:gb/country:eng,country:gb/country:eng/westminster-constituency:e14000921
"Sheffield, Hallam Co Const",Sheffield Hallam,Q1031731,E14000922,country:gb/country:eng,country:gb/country:eng/westminster-constituency:e14000922
"Sheffield, Heeley Boro Const",Sheffield Heeley,Q1031720,E14000923,country:gb/country:eng,country:gb/country:eng/westminster-constituency:e14000923
Sherwood Co Const,Sherwood,Q1031709,E14000924,country:gb/country:eng,country:gb/country:eng/westminster-constituency:e14000924
Shipley Co Const,Shipley,Q1031659,E14000925,country:gb/country:eng,country:gb/country:eng/westminster-constituency:e14000925
Shrewsbury and Atcham Co Const,Shrewsbury and Atcham,Q1031497,E14000926,country:gb/country:eng,country:gb/country:eng/westminster-constituency:e14000926
Sittingbourne and Sheppey Co Const,Sittingbourne and Sheppey,Q1031352,E14000927,country:gb/country:eng,country:gb/country:eng/westminster-constituency:e14000927
Skipton and Ripon Co Const,Skipton and Ripon,Q989226,E14000928,country:gb/country:eng,country:gb/country:eng/westminster-constituency:e14000928
Sleaford and North Hykeham Co Const,Sleaford and North Hykeham,Q989206,E14000929,country:gb/country:eng,country:gb/country:eng/westminster-constituency:e14000929
Slough Boro Const,Slough,Q989007,E14000930,country:gb/country:eng,country:gb/country:eng/westminster-constituency:e14000930
Solihull Boro Const,Solihull,Q989027,E14000931,country:gb/country:eng,country:gb/country:eng/westminster-constituency:e14000931
Somerton and Frome Co Const,Somerton and Frome,Q989017,E14000932,country:gb/country:eng,country:gb/country:eng/westminster-constituency:e14000932
South Basildon and East Thurrock Co Const,South Basildon and East Thurrock,Q988637,E14000933,country:gb/country:eng,country:gb/country:eng/westminster-constituency:e14000933
South Cambridgeshire Co Const,South Cambridgeshire,Q988645,E14000934,country:gb/country:eng,country:gb/country:eng/westminster-constituency:e14000934
South Derbyshire Co Const,South Derbyshire,Q988730,E14000935,country:gb/country:eng,country:gb/country:eng/westminster-constituency:e14000935
South Dorset Co Const,South Dorset,Q988587,E14000936,country:gb/country:eng,country:gb/country:eng/westminster-constituency:e14000936
South East Cambridgeshire Co Const,South East Cambridgeshire,Q988740,E14000937,country:gb/country:eng,country:gb/country:eng/westminster-constituency:e14000937
South East Cornwall Co Const,South East Cornwall,Q988977,E14000938,country:gb/country:eng,country:gb/country:eng/westminster-constituency:e14000938
South Holland and The Deepings Co Const,South Holland and The Deepings,Q988966,E14000939,country:gb/country:eng,country:gb/country:eng/westminster-constituency:e14000939
South Leicestershire Co Const,South Leicestershire,Q988954,E14000940,country:gb/country:eng,country:gb/country:eng/westminster-constituency:e14000940
South Norfolk Co Const,South Norfolk,Q988942,E14000941,country:gb/country:eng,country:gb/country:eng/westminster-constituency:e14000941
South Northamptonshire Co Const,South Northamptonshire,Q988884,E14000942,country:gb/country:eng,country:gb/country:eng/westminster-constituency:e14000942
South Ribble Co Const,South Ribble,Q988873,E14000943,country:gb/country:eng,country:gb/country:eng/westminster-constituency:e14000943
South Shields Boro Const,South Shields,Q988859,E14000944,country:gb/country:eng,country:gb/country:eng/westminster-constituency:e14000944
South Staffordshire Co Const,South Staffordshire,Q988851,E14000945,country:gb/country:eng,country:gb/country:eng/westminster-constituency:e14000945
South Suffolk Co Const,South Suffolk,Q988848,E14000946,country:gb/country:eng,country:gb/country:eng/westminster-constituency:e14000946
South Swindon Co Const,South Swindon,Q988843,E14000947,country:gb/country:eng,country:gb/country:eng/westminster-constituency:e14000947
South Thanet Co Const,South Thanet,Q988835,E14000948,country:gb/country:eng,country:gb/country:eng/westminster-constituency:e14000948
South West Bedfordshire Co Const,South West Bedfordshire,Q988826,E14000949,country:gb/country:eng,country:gb/country:eng/westminster-constituency:e14000949
South West Devon Co Const,South West Devon,Q988814,E14000950,country:gb/country:eng,country:gb/country:eng/westminster-constituency:e14000950
South West Hertfordshire Co Const,South West Hertfordshire,Q988809,E14000951,country:gb/country:eng,country:gb/country:eng/westminster-constituency:e14000951
South West Norfolk Co Const,South West Norfolk,Q988801,E14000952,country:gb/country:eng,country:gb/country:eng/westminster-constituency:e14000952
South West Surrey Co Const,South West Surrey,Q988793,E14000953,country:gb/country:eng,country:gb/country:eng/westminster-constituency:e14000953
South West Wiltshire Co Const,South West Wiltshire,Q988746,E14000954,country:gb/country:eng,country:gb/country:eng/westminster-constituency:e14000954
"Southampton, Itchen Boro Const",Southampton Itchen,Q988625,E14000955,country:gb/country:eng,country:gb/country:eng/westminster-constituency:e14000955
"Southampton, Test Boro Const",Southampton Test,Q988615,E14000956,country:gb/country:eng,country:gb/country:eng/westminster-constituency:e14000956
Southend West Boro Const,Southend West,Q988607,E14000957,country:gb/country:eng,country:gb/country:eng/westminster-constituency:e14000957
Southport Boro Const,Southport,Q988601,E14000958,country:gb/country:eng,country:gb/country:eng/westminster-constituency:e14000958
Spelthorne Boro Const,Spelthorne,Q988595,E14000959,country:gb/country:eng,country:gb/country:eng/westminster-constituency:e14000959
St. Albans Co Const,St Albans,Q988569,E14000960,country:gb/country:eng,country:gb/country:eng/westminster-constituency:e14000960
St. Austell and Newquay Co Const,St Austell and Newquay,Q988556,E14000961,country:gb/country:eng,country:gb/country:eng/westminster-constituency:e14000961
St. Helens North Boro Const,St Helens North,Q988533,E14000962,country:gb/country:eng,country:gb/country:eng/westminster-constituency:e14000962
St. Helens South and Whiston Boro Const,St Helens South and Whiston,Q988454,E14000963,country:gb/country:eng,country:gb/country:eng/westminster-constituency:e14000963
St. Ives Co Const,St Ives,Q988435,E14000964,country:gb/country:eng,country:gb/country:eng/westminster-constituency:e14000964
Stafford Co Const,Stafford,Q988420,E14000965,country:gb/country:eng,country:gb/country:eng/westminster-constituency:e14000965
Staffordshire Moorlands Co Const,Staffordshire Moorlands,Q988407,E14000966,country:gb/country:eng,country:gb/country:eng/westminster-constituency:e14000966
Stalybridge and Hyde Co Const,Stalybridge and Hyde,Q988399,E14000967,country:gb/country:eng,country:gb/country:eng/westminster-constituency:e14000967
Stevenage Co Const,Stevenage,Q988387,E14000968,country:gb/country:eng,country:gb/country:eng/westminster-constituency:e14000968
Stirling Co Const,Stirling,Q988375,S14000057,country:gb/country:sct,country:gb/country:sct/westminster-constituency:s14000057
Stockport Boro Const,Stockport,Q988356,E14000969,country:gb/country:eng,country:gb/country:eng/westminster-constituency:e14000969
Stockton North Boro Const,Stockton North,Q988335,E14000970,country:gb/country:eng,country:gb/country:eng/westminster-constituency:e14000970
Stockton South Boro Const,Stockton South,Q988304,E14000971,country:gb/country:eng,country:gb/country:eng/westminster-constituency:e14000971
Stoke-on-Trent Central Boro Const,Stoke-on-Trent Central,Q988288,E14000972,country:gb/country:eng,country:gb/country:eng/westminster-constituency:e14000972
Stoke-on-Trent North Boro Const,Stoke-on-Trent North,Q988278,E14000973,country:gb/country:eng,country:gb/country:eng/westminster-constituency:e14000973
Stoke-on-Trent South Boro Const,Stoke-on-Trent South,Q988262,E14000974,country:gb/country:eng,country:gb/country:eng/westminster-constituency:e14000974
Stone Co Const,Stone,Q988242,E14000975,country:gb/country:eng,country:gb/country:eng/westminster-constituency:e14000975
Stourbridge Boro Const,Stourbridge,Q988231,E14000976,country:gb/country:eng,country:gb/country:eng/westminster-constituency:e14000976
Stratford-on-Avon Co Const,Stratford-on-Avon,Q740118,E14000977,country:gb/country:eng,country:gb/country:eng/westminster-constituency:e14000977
Streatham Boro Const,Streatham,Q875403,E14000978,country:gb/country:eng,country:gb/country:eng/westminster-constituency:e14000978
Stretford and Urmston Boro Const,Stretford and Urmston,Q988219,E14000979,country:gb/country:eng,country:gb/country:eng/westminster-constituency:e14000979
Stroud Co Const,Stroud,Q988211,E14000980,country:gb/country:eng,country:gb/country:eng/westminster-constituency:e14000980
Suffolk Coastal Co Const,Suffolk Coastal,Q988194,E14000981,country:gb/country:eng,country:gb/country:eng/westminster-constituency:e14000981
Sunderland Central Boro Const,Sunderland Central,Q988171,E14000982,country:gb/country:eng,country:gb/country:eng/westminster-constituency:e14000982
Surrey Heath Co Const,Surrey Heath,Q988166,E14000983,country:gb/country:eng,country:gb/country:eng/westminster-constituency:e14000983
Sutton Coldfield Boro Const,Sutton Coldfield,Q988127,E14000985,country:gb/country:eng,country:gb/country:eng/westminster-constituency:e14000985
Sutton and Cheam Boro Const,Sutton and Cheam,Q988153,E14000984,country:gb/country:eng,country:gb/country:eng/westminster-constituency:e14000984
Swansea East Boro Const,Swansea East,Q988081,W07000048,country:gb/country:wls,country:gb/country:wls/westminster-constituency:w07000048
Swansea West Boro Const,Swansea West,Q988068,W07000047,country:gb/country:wls,country:gb/country:wls/westminster-constituency:w07000047
Tamworth Co Const,Tamworth,Q988057,E14000986,country:gb/country:eng,country:gb/country:eng/westminster-constituency:e14000986
Tatton Co Const,Tatton,Q988027,E14000987,country:gb/country:eng,country:gb/country:eng/westminster-constituency:e14000987
Taunton Deane Co Const,Taunton Deane,Q988001,E14000988,country:gb/country:eng,country:gb/country:eng/westminster-constituency:e14000988
Telford Boro Const,Telford,Q987980,E14000989,country:gb/country:eng,country:gb/country:eng/westminster-constituency:e14000989
Tewkesbury Co Const,Tewkesbury,Q987959,E14000990,country:gb/country:eng,country:gb/country:eng/westminster-constituency:e14000990
The Cotswolds Co Const,The Cotswolds,Q987938,E14000991,country:gb/country:eng,country:gb/country:eng/westminster-constituency:e14000991
The Wrekin Co Const,The Wrekin,Q987915,E14000992,country:gb/country:eng,country:gb/country:eng/westminster-constituency:e14000992
Thirsk and Malton Co Const,Thirsk and Malton,Q987899,E14000993,country:gb/country:eng,country:gb/country:eng/westminster-constituency:e14000993
Thornbury and Yate Co Const,Thornbury and Yate,Q987884,E14000994,country:gb/country:eng,country:gb/country:eng/westminster-constituency:e14000994
Thurrock Boro Const,Thurrock,Q987872,E14000995,country:gb/country:eng,country:gb/country:eng/westminster-constituency:e14000995
Tiverton and Honiton Co Const,Tiverton and Honiton,Q987857,E14000996,country:gb/country:eng,country:gb/country:eng/westminster-constituency:e14000996
Tonbridge and Malling Co Const,Tonbridge and Malling,Q875493,E14000997,country:gb/country:eng,country:gb/country:eng/westminster-constituency:e14000997
Tooting Boro Const,Tooting,Q875474,E14000998,country:gb/country:eng,country:gb/country:eng/westminster-constituency:e14000998
Torbay Boro Const,Torbay,Q875454,E14000999,country:gb/country:eng,country:gb/country:eng/westminster-constituency:e14000999
Torfaen Co Const,Torfaen,Q875434,W07000053,country:gb/country:wls,country:gb/country:wls/westminster-constituency:w07000053
Torridge and West Devon Co Const,Torridge and West Devon,Q875359,E14001000,country:gb/country:eng,country:gb/country:eng/westminster-constituency:e14001000
Totnes Co Const,Totnes,Q875285,E14001001,country:gb/country:eng,country:gb/country:eng/westminster-constituency:e14001001
Tottenham Boro Const,Tottenham,Q875261,E14001002,country:gb/country:eng,country:gb/country:eng/westminster-constituency:e14001002
Truro and Falmouth Co Const,Truro and Falmouth,Q875246,E14001003,country:gb/country:eng,country:gb/country:eng/westminster-constituency:e14001003
Tunbridge Wells Co Const,Tunbridge Wells,Q875225,E14001004,country:gb/country:eng,country:gb/country:eng/westminster-constituency:e14001004
Twickenham Boro Const,Twickenham,Q875210,E14001005,country:gb/country:eng,country:gb/country:eng/westminster-constituency:e14001005
Tynemouth Boro Const,Tynemouth,Q875175,E14001006,country:gb/country:eng,country:gb/country:eng/westminster-constituency:e14001006
UPPER BANN,Upper Bann,Q751737,N06000017,country:gb/province:nir,country:gb/province:nir/westminster-constituency:n06000017
Uxbridge and South Ruislip Boro Const,Uxbridge and South Ruislip,Q751466,E14001007,country:gb/country:eng,country:gb/country:eng/westminster-constituency:e14001007
Vale of Clwyd Co Const,Vale of Clwyd,Q873520,W07000060,country:gb/country:wls,country:gb/country:wls/westminster-constituency:w07000060
Vale of Glamorgan Co Const,Vale of Glamorgan,Q873604,W07000078,country:gb/country:wls,country:gb/country:wls/westminster-constituency:w07000078
Vauxhall Boro Const,Vauxhall,Q873637,E14001008,country:gb/country:eng,country:gb/country:eng/westminster-constituency:e14001008
WEST TYRONE,West Tyrone,Q751745,N06000018,country:gb/province:nir,country:gb/province:nir/westminster-constituency:n06000018
Wakefield Co Const,Wakefield,Q874488,E14001009,country:gb/country:eng,country:gb/country:eng/westminster-constituency:e14001009
Wallasey Boro Const,Wallasey,Q875135,E14001010,country:gb/country:eng,country:gb/country:eng/westminster-constituency:e14001010
Walsall North Boro Const,Walsall North,Q875108,E14001011,country:gb/country:eng,country:gb/country:eng/westminster-constituency:e14001011
Walsall South Boro Const,Walsall South,Q875087,E14001012,country:gb/country:eng,country:gb/country:eng/westminster-constituency:e14001012
Walthamstow Boro Const,Walthamstow,Q875059,E14001013,country:gb/country:eng,country:gb/country:eng/westminster-constituency:e14001013
Wansbeck Co Const,Wansbeck,Q875033,E14001014,country:gb/country:eng,country:gb/country:eng/westminster-constituency:e14001014
Wantage Co Const,Wantage,Q875011,E14001015,country:gb/country:eng,country:gb/country:eng/westminster-constituency:e14001015
Warley Boro Const,Warley,Q874986,E14001016,country:gb/country:eng,country:gb/country:eng/westminster-constituency:e14001016
Warrington North Boro Const,Warrington North,Q874974,E14001017,country:gb/country:eng,country:gb/country:eng/westminster-constituency:e14001017
Warrington South Boro Const,Warrington South,Q874959,E14001018,country:gb/country:eng,country:gb/country:eng/westminster-constituency:e14001018
Warwick and Leamington Boro Const,Warwick and Leamington,Q874946,E14001019,country:gb/country:eng,country:gb/country:eng/westminster-constituency:e14001019
Washington and Sunderland West Boro Const,Washington and Sunderland West,Q874921,E14001020,country:gb/country:eng,country:gb/country:eng/westminster-constituency:e14001020
Watford Boro Const,Watford,Q11003,E14001021,country:gb/country:eng,country:gb/country:eng/westminster-constituency:e14001021
Waveney Co Const,Waveney,Q874871,E14001022,country:gb/country:eng,country:gb/country:eng/westminster-constituency:e14001022
Wealden Co Const,Wealden,Q874714,E14001023,country:gb/country:eng,country:gb/country:eng/westminster-constituency:e14001023
Weaver Vale Co Const,Weaver Vale,Q874700,E14001024,country:gb/country:eng,country:gb/country:eng/westminster-constituency:e14001024
Wellingborough Co Const,Wellingborough,Q874686,E14001025,country:gb/country:eng,country:gb/country:eng/westminster-constituency:e14001025
Wells Co Const,Wells,Q874666,E14001026,country:gb/country:eng,country:gb/country:eng/westminster-constituency:e14001026
Welwyn Hatfield Co Const,Welwyn Hatfield,Q874643,E14001027,country:gb/country:eng,country:gb/country:eng/westminster-constituency:e14001027
Wentworth and Dearne Co Const,Wentworth and Dearne,Q874623,E14001028,country:gb/country:eng,country:gb/country:eng/westminster-constituency:e14001028
West Aberdeenshire and Kincardine Co Const,West Aberdeenshire and Kincardine,Q874607,S14000058,country:gb/country:sct,country:gb/country:sct/westminster-constituency:s14000058
West Bromwich East Boro Const,West Bromwich East,Q874585,E14001029,country:gb/country:eng,country:gb/country:eng/westminster-constituency:e14001029
West Bromwich West Boro Const,West Bromwich West,Q874568,E14001030,country:gb/country:eng,country:gb/country:eng/westminster-constituency:e14001030
West Dorset Co Const,West Dorset,Q874545,E14001031,country:gb/country:eng,country:gb/country:eng/westminster-constituency:e14001031
West Dunbartonshire Co Const,West Dunbartonshire,Q3343077,S14000059,country:gb/country:sct,country:gb/country:sct/westminster-constituency:s14000059
West Ham Boro Const,West Ham,Q874463,E14001032,country:gb/country:eng,country:gb/country:eng/westminster-constituency:e14001032
West Lancashire Co Const,West Lancashire,Q874435,E14001033,country:gb/country:eng,country:gb/country:eng/westminster-constituency:e14001033
West Suffolk Co Const,West Suffolk,Q874416,E14001034,country:gb/country:eng,country:gb/country:eng/westminster-constituency:e14001034
West Worcestershire Co Const,West Worcestershire,Q874393,E14001035,country:gb/country:eng,country:gb/country:eng/westminster-constituency:e14001035
Westminster North Boro Const,Westminster North,Q874123,E14001036,country:gb/country:eng,country:gb/country:eng/westminster-constituency:e14001036
Westmorland and Lonsdale Co Const,Westmorland and Lonsdale,Q874372,E14001037,country:gb/country:eng,country:gb/country:eng/westminster-constituency:e14001037
Weston-Super-Mare Co Const,Weston-super-Mare,Q874356,E14001038,country:gb/country:eng,country:gb/country:eng/westminster-constituency:e14001038
Wigan Co Const,Wigan,Q874340,E14001039,country:gb/country:eng,country:gb/country:eng/westminster-constituency:e14001039
Wimbledon Boro Const,Wimbledon,Q874319,E14001040,country:gb/country:eng,country:gb/country:eng/westminster-constituency:e14001040
Winchester Co Const,Winchester,Q874300,E14001041,country:gb/country:eng,country:gb/country:eng/westminster-constituency:e14001041
Windsor Co Const,Windsor,Q874276,E14001042,country:gb/country:eng,country:gb/country:eng/westminster-constituency:e14001042
Wirral South Co Const,Wirral South,Q874256,E14001043,country:gb/country:eng,country:gb/country:eng/westminster-constituency:e14001043
Wirral West Co Const,Wirral West,Q767602,E14001044,country:gb/country:eng,country:gb/country:eng/westminster-constituency:e14001044
Witham Co Const,Witham,Q874215,E14001045,country:gb/country:eng,country:gb/country:eng/westminster-constituency:e14001045
Witney Co Const,Witney,Q874194,E14001046,country:gb/country:eng,country:gb/country:eng/westminster-constituency:e14001046
Woking Co Const,Woking,Q874173,E14001047,country:gb/country:eng,country:gb/country:eng/westminster-constituency:e14001047
Wokingham Co Const,Wokingham,Q874153,E14001048,country:gb/country:eng,country:gb/country:eng/westminster-constituency:e14001048
Wolverhampton North East Boro Const,Wolverhampton North East,Q874095,E14001049,country:gb/country:eng,country:gb/country:eng/westminster-constituency:e14001049
Wolverhampton South East Boro Const,Wolverhampton South East,Q874069,E14001050,country:gb/country:eng,country:gb/country:eng/westminster-constituency:e14001050
Wolverhampton South West Boro Const,Wolverhampton South West,Q874041,E14001051,country:gb/country:eng,country:gb/country:eng/westminster-constituency:e14001051
Worcester Boro Const,Worcester,Q613294,E14001052,country:gb/country:eng,country:gb/country:eng/westminster-constituency:e14001052
Workington Co Const,Workington,Q873994,E14001053,country:gb/country:eng,country:gb/country:eng/westminster-constituency:e14001053
Worsley and Eccles South Co Const,Worsley and Eccles South,Q873975,E14001054,country:gb/country:eng,country:gb/country:eng/westminster-constituency:e14001054
Worthing West Boro Const,Worthing West,Q750906,E14001055,country:gb/country:eng,country:gb/country:eng/westminster-constituency:e14001055
Wrexham Co Const,Wrexham,Q750870,W07000044,country:gb/country:wls,country:gb/country:wls/westminster-constituency:w07000044
Wycombe Co Const,Wycombe,Q750841,E14001056,country:gb/country:eng,country:gb/country:eng/westminster-constituency:e14001056
Wyre Forest Co Const,Wyre Forest,Q750781,E14001058,country:gb/country:eng,country:gb/country:eng/westminster-constituency:e14001058
Wyre and Preston North Co Const,Wyre and Preston North,Q750810,E14001057,country:gb/country:eng,country:gb/country:eng/westminster-constituency:e14001057
Wythenshawe and Sale East Boro Const,Wythenshawe and Sale East,Q750690,E14001059,country:gb/country:eng,country:gb/country:eng/westminster-constituency:e14001059
Yeovil Co Const,Yeovil,Q750677,E14001060,country:gb/country:eng,country:gb/country:eng/westminster-constituency:e14001060
Ynys Mon Co Const,Ynys Mn,Q750661,W07000041,country:gb/country:wls,country:gb/country:wls/westminster-constituency:w07000041
York Central Boro Const,York Central,Q589328,E14001061,country:gb/country:eng,country:gb/country:eng/westminster-constituency:e14001061
York Outer Co Const,York Outer,Q589079,E14001062,country:gb/country:eng,country:gb/country:eng/westminster-constituency:e14001062
